customer_id,first_name,last_name,email,region,loyalty_tier,join_date
1,Sarah,Johnson,joe04@example.org,Southwest,Platinum,2023-06-13
2,Arthur,Hodges,rodriguezrobert@example.org,West,Silver,2025-02-24
3,Zachary,Hansen,wendy29@example.com,Midwest,Silver,2024-05-02
4,Lee,Mendoza,folsen@example.com,West,Platinum,2026-01-25
5,Melanie,Noble,jenniferleach@example.org,West,Silver,2025-05-31
6,Sheryl,Moyer,skinnerbreanna@example.net,Southeast,Standard,2024-03-02
7,Eric,Wagner,timothymalone@example.org,Midwest,Silver,2024-08-01
8,Nicole,Ramos,nealbrandon@example.net,Midwest,Silver,2025-04-08
9,Jason,Freeman,,Midwest,Standard,2025-04-22
10,Alexis,Mack,david47@example.org,West,Silver,2023-12-21
11,Jeffrey,Ramirez,christopher45@example.org,Southwest,Platinum,2024-04-24
12,Christine,Montoya,timothylee@example.org,Midwest,Platinum,2023-07-27
13,Matthew,Booth,amber69@example.net,West,Standard,2023-10-19
14,Vincent,Zamora,zleonard@example.org,Southeast,Standard,2025-06-19
15,Danielle,Hayes,qsimon@example.net,Southwest,Platinum,2026-04-25
16,Deborah,Knight,qwhitaker@example.com,Southeast,Gold,2023-05-29
17,Gregory,Moore,fchristensen@example.com,Southwest,Standard,2024-05-05
18,Brenda,Green,odavidson@example.org,West,Platinum,2023-11-13
19,Michael,Torres,jasontaylor@example.com,Northeast,Gold,2023-11-12
20,Amanda,Green,patricia06@example.com,Southwest,Silver,2024-11-03
21,Trevor,Baker,timothy26@example.net,Southeast,Silver,2025-01-27
22,Christopher,Fields,donaldsmith@example.org,West,Standard,2023-12-24
23,Adrian,Maynard,jamie08@example.net,Southwest,Standard,2023-06-03
24,Victoria,Smith,sskinner@example.com,Northeast,Standard,2025-08-10
25,Jill,Moore,,Northeast,Gold,2025-06-22
26,Anthony,Whitaker,qgallagher@example.com,Midwest,Standard,2026-02-20
27,Margaret,Murphy,bbanks@example.com,Midwest,Standard,2025-03-01
28,Cheryl,Ritter,jakegrant@example.org,Southeast,Standard,2025-05-19
29,Andrea,Lloyd,sobrien@example.net,Southwest,Silver,2024-05-05
30,Victoria,Lopez,wesleybaker@example.com,Southwest,Platinum,2023-07-06
31,Richard,Estes,kenneth66@example.com,Midwest,Standard,2026-03-30
32,Alexander,Ramsey,simslauren@example.net,Southwest,Standard,2024-12-20
33,Philip,Hernandez,louismendoza@example.com,Southwest,Silver,2023-07-27
34,Samantha,Newman,karenturner@example.net,Northeast,Standard,2026-04-13
35,Arthur,Wheeler,richardsontheresa@example.org,Midwest,Standard,2023-10-08
36,Patty,Jordan,heatherbarron@example.net,West,Standard,2025-12-20
37,Lisa,Stephens,christopher52@example.net,Midwest,Standard,2025-04-03
38,Jeffrey,Brooks,justingomez@example.com,West,Standard,2026-02-26
39,Peter,Johnson,andrew29@example.org,Northeast,Standard,2023-09-06
40,Melinda,Evans,kristinwallace@example.net,Southeast,Standard,2025-11-28
41,Michael,Cameron,jessicaphillips@example.com,Southwest,Platinum,2025-02-24
42,Nicole,Harrison,kwhite@example.org,Northeast,Standard,2025-10-03
43,Christina,Jordan,pamelawade@example.net,Southwest,Silver,2024-09-11
44,Marie,Webb,summerscrystal@example.com,Southeast,Silver,2023-09-15
45,Brenda,Christian,murphyjennifer@example.org,Southeast,Standard,2025-03-08
46,Jesse,Quinn,mossbilly@example.net,Northeast,Silver,2025-05-28
47,Cassandra,Graves,kirkrichard@example.net,Southeast,Standard,2024-10-15
48,Sarah,Smith,jeffreyjackson@example.com,West,Platinum,2024-08-17
49,Kimberly,Davenport,brian92@example.com,Southeast,Standard,2025-04-30
50,Michele,Oconnor,kyu@example.com,Southwest,Standard,2025-07-23
51,Erica,Riley,johnsonjustin@example.net,Southwest,Standard,2024-10-30
52,Jeanette,Robinson,,Southwest,Platinum,2025-12-22
53,Taylor,Hernandez,kjenkins@example.org,Southwest,Silver,2026-03-29
54,Denise,Allen,ericwilliams@example.net,West,Silver,2024-11-26
55,Jeffrey,Dodson,kevin17@example.com,Midwest,Standard,2025-06-08
56,Brandon,Clark,brownjason@example.com,Northeast,Silver,2024-11-24
57,Heather,Torres,michaelberry@example.org,Southwest,Standard,2024-12-31
58,Breanna,Rosario,courtneyvazquez@example.com,Southeast,Gold,2024-04-11
59,Christopher,Chen,shortlawrence@example.org,Southwest,Standard,2026-04-15
60,Edgar,Baker,john51@example.com,Southeast,Standard,2024-08-07
61,Ian,Cabrera,william39@example.net,Southeast,Standard,2023-10-20
62,Nathaniel,Daugherty,debratyler@example.net,Southwest,Standard,2023-07-22
63,Brittany,Navarro,psilva@example.com,West,Silver,2024-04-12
64,Gregory,Nguyen,williamward@example.com,Southeast,Standard,2024-10-09
65,Tammy,Brown,paula78@example.com,Southeast,Gold,2024-12-20
66,Justin,Willis,kellywang@example.net,Southwest,Standard,2024-07-25
67,Sandra,Lee,courtneycalhoun@example.org,Southeast,Silver,2024-12-05
68,Emily,Zamora,juliafernandez@example.com,Southeast,Standard,2024-08-07
69,Kimberly,Strickland,shaffertammy@example.org,Southwest,Standard,2025-05-28
70,Sarah,Clark,pvazquez@example.net,Southwest,Silver,2025-10-23
71,Jennifer,Hoffman,jasonalexander@example.net,Northeast,Standard,2026-01-26
72,Steven,Cunningham,iwang@example.net,West,Standard,2024-09-14
73,Abigail,Hamilton,kimrodriguez@example.net,West,Gold,2024-01-21
74,Cody,Fields,youngsteven@example.net,Southeast,Platinum,2023-11-07
75,Patrick,Tapia,kevinmitchell@example.org,West,Standard,2023-09-24
76,Carla,Daniels,andersondeborah@example.com,Southeast,Standard,2024-08-09
77,Jessica,Reynolds,jordan11@example.net,Northeast,Silver,2023-09-25
78,David,Watson,gouldclaudia@example.com,Southwest,Standard,2025-06-26
79,Amber,Davis,sandrasmith@example.com,Southwest,Standard,2023-09-13
80,Rebecca,Jones,williamlawrence@example.org,Southwest,Standard,2023-10-04
81,Kristen,Brown,wolfekimberly@example.net,West,Silver,2025-07-13
82,Paul,Lee,hannahadams@example.org,Northeast,Silver,2025-01-23
83,Mary,Jenkins,krichardson@example.org,West,Standard,2025-02-18
84,Michael,Wade,barbara84@example.net,West,Standard,2026-04-11
85,Michael,Howard,,Northeast,Standard,2026-05-12
86,Jennifer,Rangel,gconner@example.org,Northeast,Silver,2024-01-22
87,Aaron,Foster,martin65@example.net,Northeast,Standard,2024-04-08
88,Sonia,Willis,stephanie66@example.com,Northeast,Standard,2024-10-12
89,Jessica,Mendoza,samuellong@example.org,Southwest,Gold,2023-10-10
90,Colleen,Gonzalez,williamsalyssa@example.net,Midwest,Standard,2025-03-16
91,Jeffrey,Lindsey,berrymichael@example.net,Midwest,Silver,2025-11-02
92,Kristin,Hoover,cynthiafoster@example.com,Northeast,Standard,2026-02-23
93,Miranda,Hamilton,dharris@example.net,Midwest,Standard,2023-05-23
94,Michelle,Chandler,gsweeney@example.com,Midwest,Standard,2023-08-10
95,Stacey,Bradley,chloecalderon@example.com,Northeast,Silver,2023-12-11
96,Sarah,Foster,ambergarcia@example.net,Midwest,Gold,2024-10-30
97,Stephanie,Ross,joannehenderson@example.org,West,Gold,2024-12-07
98,Travis,Brown,landerson@example.org,Southeast,Standard,2025-10-22
99,Robert,Martinez,hingram@example.com,Southeast,Silver,2023-05-24
100,Karen,Lee,rosariokyle@example.com,Northeast,Standard,2024-03-08
101,Justin,Lee,peter51@example.org,Southwest,Standard,2025-07-21
102,Derek,Scott,wilsonshawn@example.org,Northeast,Gold,2024-12-10
103,Matthew,Bernard,robertsgregory@example.org,Southwest,Standard,2024-03-20
104,Benjamin,Lucas,janetharrington@example.net,Southeast,Standard,2026-03-10
105,Kristen,Floyd,rodrigueztim@example.org,Northeast,Standard,2023-09-26
106,Ryan,Lee,preid@example.org,West,Standard,2025-01-31
107,Rebecca,Haas,uwilliams@example.com,Midwest,Standard,2023-12-13
108,Tyler,Evans,eduardobrown@example.com,Southwest,Silver,2025-11-28
109,Marc,Green,sanchezmark@example.com,Midwest,Standard,2024-09-26
110,Margaret,Clark,ryanrichards@example.com,Midwest,Gold,2025-05-17
111,Lisa,Greer,brianwatson@example.org,Northeast,Gold,2023-11-02
112,Gina,Myers,hamiltonkendra@example.net,Midwest,Standard,2024-10-28
113,Yvette,Wallace,kevin92@example.com,West,Standard,2025-03-03
114,Melissa,Rangel,,Midwest,Standard,2024-10-02
115,Jose,Smith,marisa39@example.com,Northeast,Silver,2025-02-15
116,Juan,Martinez,gonzalezcarmen@example.org,West,Standard,2023-12-29
117,Joseph,Huff,parkermarissa@example.org,Southeast,Silver,2025-01-17
118,Nancy,Oliver,marksamanda@example.com,Midwest,Standard,2023-09-08
119,Eric,Woods,carlospace@example.com,Northeast,Silver,2025-02-27
120,Sarah,Jones,thomasjones@example.net,Southeast,Standard,2024-04-04
121,Tracey,Harris,olivia42@example.com,Southeast,Standard,2026-03-19
122,Jeremy,Blevins,efarmer@example.org,Southwest,Platinum,2024-12-02
123,Jonathan,Campbell,christina22@example.com,West,Gold,2025-02-28
124,Sean,Evans,lsmith@example.net,Midwest,Standard,2025-07-23
125,Jacob,Craig,karen27@example.com,Northeast,Gold,2026-02-13
126,Aaron,Sanders,erin81@example.com,Southwest,Standard,2024-12-17
127,Albert,Smith,nicolecastro@example.org,West,Gold,2025-05-29
128,Christopher,Lawrence,caindean@example.com,Southwest,Gold,2024-01-01
129,Matthew,Lewis,nicole45@example.net,West,Standard,2025-09-09
130,Charles,York,tammy46@example.com,West,Standard,2023-08-31
131,Steven,Campbell,troy07@example.com,Midwest,Standard,2024-01-07
132,Tanner,Owens,susan12@example.org,West,Silver,2023-08-23
133,Joshua,Tran,gilbert21@example.org,Southwest,Silver,2025-11-12
134,Sarah,Holmes,kellyfaulkner@example.com,West,Standard,2025-10-08
135,Amber,Adams,hornejeff@example.com,Midwest,Standard,2024-02-04
136,Jeffery,Williamson,diana01@example.net,Midwest,Gold,2026-05-18
137,Adrienne,Mccarthy,wbaker@example.net,Southwest,Platinum,2025-12-24
138,Dawn,Lyons,barbara54@example.org,Southeast,Silver,2026-02-15
139,Annette,Herrera,acole@example.com,Southeast,Standard,2023-08-07
140,Alex,Adams,sarah47@example.net,West,Standard,2024-07-07
141,Jeremy,Ponce,lindsey23@example.net,Northeast,Standard,2023-07-02
142,Kathryn,Thomas,patty37@example.net,West,Platinum,2026-01-20
143,Deborah,Kennedy,hannah90@example.net,Southwest,Standard,2024-12-22
144,Cody,Kaufman,william13@example.org,Southwest,Silver,2024-03-08
145,Larry,Walsh,wayne39@example.com,Southwest,Standard,2024-12-08
146,Amy,Hernandez,christinehoward@example.org,Southwest,Silver,2026-02-04
147,Richard,White,vjones@example.org,Southwest,Silver,2025-01-10
148,Amy,Hanson,theresa69@example.com,Midwest,Gold,2025-10-07
149,Monique,Keller,troy87@example.net,Southeast,Standard,2026-04-10
150,Derek,Smith,matthew12@example.com,Southwest,Standard,2025-05-15
151,Jeffrey,Garrett,pauljones@example.net,Northeast,Standard,2023-07-22
152,Kenneth,Wilson,anthony20@example.org,Northeast,Platinum,2025-04-01
153,Barbara,Hebert,samanthaherrera@example.net,Northeast,Gold,2024-09-02
154,Samuel,Cooper,james23@example.net,Northeast,Silver,2025-05-10
155,Katie,Washington,jacob47@example.net,Midwest,Silver,2025-08-08
156,Yolanda,Martin,leslie36@example.org,Northeast,Silver,2025-01-12
157,David,Green,fweiss@example.net,Southwest,Standard,2024-07-04
158,Brian,Lee,dyerjennifer@example.org,West,Platinum,2024-05-19
159,William,Valdez,robertlindsey@example.net,Northeast,Standard,2023-07-25
160,Lauren,Davis,dmoses@example.net,Midwest,Standard,2024-07-31
161,Rebekah,Guzman,donald42@example.net,Midwest,Silver,2024-01-14
162,Joy,Moore,brian92@example.net,Northeast,Standard,2024-02-21
163,James,Johnson,johnsontammy@example.org,West,Standard,2023-09-11
164,Jennifer,Singleton,susanstephenson@example.com,Northeast,Silver,2024-10-31
165,Katherine,Young,jacqueline29@example.org,Midwest,Standard,2024-11-27
166,Zachary,Patterson,haynescourtney@example.com,Southeast,Silver,2024-10-18
167,Amy,Henderson,mccallpatty@example.net,Southwest,Standard,2025-03-04
168,Hannah,Robinson,anitaschmidt@example.org,Midwest,Standard,2024-02-04
169,Marvin,Dougherty,wlong@example.com,Northeast,Standard,2025-06-09
170,Courtney,Zimmerman,,Southwest,Standard,2024-07-18
171,Ruth,Green,jacksonalicia@example.com,Northeast,Silver,2025-03-17
172,Tanya,Jones,ohart@example.com,Northeast,Standard,2026-05-19
173,Matthew,Winters,gking@example.net,Southeast,Silver,2023-08-11
174,Paul,Stout,sandrahooper@example.org,Southwest,Standard,2024-07-28
175,Michael,Shepard,craig88@example.net,Southwest,Silver,2024-05-31
176,Virginia,Tate,cmills@example.org,Southeast,Platinum,2023-08-20
177,Amanda,Pacheco,xmanning@example.org,Midwest,Silver,2025-03-28
178,Gary,Johnson,aaronsantiago@example.org,Northeast,Standard,2026-01-28
179,John,Roberts,charleskrueger@example.com,West,Standard,2025-07-31
180,Christopher,Weaver,allison73@example.net,Northeast,Standard,2023-07-04
181,Benjamin,Gray,,Northeast,Silver,2025-03-27
182,Victoria,Thompson,valerie61@example.net,Midwest,Standard,2024-09-14
183,Daniel,Garner,curtisroberts@example.com,Northeast,Standard,2025-11-12
184,Molly,Jones,williamsryan@example.com,Southeast,Silver,2025-01-16
185,Nicholas,Gibbs,stephen00@example.com,Southeast,Standard,2024-06-08
186,Nicole,Sanchez,omar12@example.org,Southwest,Gold,2025-07-18
187,Breanna,Stone,rodney81@example.net,West,Standard,2025-07-31
188,Mary,Johnson,lisawiggins@example.net,Northeast,Standard,2024-08-07
189,Johnny,Hamilton,christina90@example.com,Northeast,Silver,2023-09-10
190,Andrew,Anderson,wlynn@example.net,Midwest,Standard,2026-03-16
191,Keith,Henry,tammyclark@example.net,Southeast,Silver,2024-03-15
192,Tonya,Craig,wardrichard@example.net,West,Standard,2026-02-13
193,Angela,Frank,,Southwest,Standard,2025-11-09
194,Julie,Cameron,dsteele@example.net,Southeast,Gold,2026-04-30
195,Ann,Salazar,glennfarmer@example.org,Southwest,Gold,2025-03-03
196,Brian,Hurst,kbailey@example.net,Midwest,Silver,2026-01-26
197,Marissa,Ortega,nancy67@example.org,Midwest,Standard,2025-03-09
198,Megan,Deleon,hmann@example.org,Northeast,Silver,2025-07-10
199,Joy,Washington,johnsonstacy@example.com,West,Standard,2025-02-12
200,Michael,Bailey,tbrown@example.org,Southwest,Standard,2024-01-30
201,Sarah,Reyes,christina07@example.com,Southeast,Platinum,2023-11-18
202,Tina,Kemp,brandon07@example.org,Midwest,Standard,2024-03-10
203,Linda,Carson,robert16@example.com,Northeast,Platinum,2024-10-04
204,Jerome,Washington,millerjohn@example.com,Northeast,Standard,2024-02-22
205,Samantha,Wilkins,tammywheeler@example.com,Southwest,Standard,2023-07-03
206,Colleen,Lee,deniseanderson@example.com,Midwest,Silver,2026-04-11
207,David,Perez,fsantos@example.com,West,Gold,2025-11-24
208,Taylor,Cummings,watkinsbarbara@example.com,Midwest,Silver,2025-11-06
209,Lisa,Giles,smontes@example.com,Southwest,Gold,2024-04-11
210,Jason,Miles,jodi54@example.com,Southwest,Silver,2025-10-18
211,Melissa,Mccann,wrightsandra@example.net,Midwest,Silver,2026-04-07
212,Samantha,Johnson,ian02@example.com,Southwest,Gold,2024-05-07
213,Jennifer,Mendoza,ylindsey@example.org,Midwest,Standard,2025-11-29
214,David,Miller,ldavis@example.com,Southeast,Standard,2024-06-26
215,Robert,Ortiz,kellythomas@example.org,Midwest,Standard,2023-12-26
216,Alexandra,Martinez,bruce72@example.net,Midwest,Platinum,2024-04-16
217,Desiree,Pruitt,cdavis@example.com,Southwest,Platinum,2026-04-05
218,Lisa,Jackson,dean98@example.net,Southwest,Standard,2025-09-21
219,David,Bell,susan02@example.com,Northeast,Silver,2024-01-17
220,Mark,Diaz,ijackson@example.net,Northeast,Platinum,2025-06-21
221,Robert,Butler,jillhebert@example.com,Southeast,Standard,2023-08-07
222,Mary,Werner,brent12@example.com,Northeast,Silver,2025-04-02
223,Justin,Rollins,tracy04@example.com,Midwest,Platinum,2025-02-23
224,Brittany,Sherman,nataliewilliams@example.com,Southwest,Standard,2025-10-05
225,Vicki,Lynch,alexandriaoliver@example.com,Northeast,Silver,2024-08-06
226,Amanda,Cook,derekbush@example.org,Northeast,Standard,2023-08-07
227,Bridget,Day,jason97@example.org,Southeast,Platinum,2024-05-10
228,Megan,Johnson,qwallace@example.net,Southeast,Platinum,2025-01-31
229,Annette,Martinez,simmonscolleen@example.com,Midwest,Platinum,2024-10-13
230,Donna,West,smithjoseph@example.org,Southwest,Standard,2023-08-09
231,Gregory,Lucero,lauramiller@example.com,Southeast,Gold,2023-11-17
232,Robert,Patterson,coopercasey@example.net,Northeast,Gold,2024-07-30
233,Katie,Cole,brian28@example.com,Southwest,Standard,2025-10-29
234,Stephanie,Buck,julierodriguez@example.com,Southwest,Gold,2026-02-01
235,Austin,Bowen,jeremywheeler@example.com,Northeast,Standard,2025-05-19
236,Michael,Martinez,ugardner@example.org,Southeast,Silver,2023-07-19
237,Alex,Hall,williamnunez@example.org,Northeast,Standard,2024-10-20
238,John,Joseph,kenneth65@example.com,Southwest,Standard,2024-03-14
239,Kelly,Romero,ddavies@example.com,West,Standard,2024-05-17
240,Jaclyn,Moore,taylorsteven@example.com,West,Silver,2025-12-29
241,Matthew,Reid,davisjohn@example.net,Midwest,Standard,2025-06-28
242,Austin,Morris,christopherdavis@example.net,Northeast,Silver,2024-05-10
243,Margaret,White,cody22@example.org,Northeast,Standard,2023-07-31
244,Bruce,Becker,keithcastaneda@example.org,Midwest,Standard,2023-09-08
245,John,Morris,igarcia@example.net,Midwest,Silver,2024-12-23
246,Amanda,Reed,jamesrivas@example.com,Midwest,Gold,2024-03-11
247,Sharon,Gomez,pgarcia@example.com,Southwest,Standard,2023-06-12
248,Caleb,Zimmerman,jeremy82@example.org,Northeast,Silver,2023-06-24
249,David,Robinson,garciaashley@example.com,Southwest,Gold,2025-09-14
250,Travis,Leach,robert01@example.net,Midwest,Silver,2026-01-29
251,Matthew,Shields,janet66@example.com,Northeast,Standard,2026-03-27
252,Paul,Cooper,lewisdanielle@example.com,Southwest,Standard,2024-09-22
253,Kayla,Morton,sparker@example.net,Southwest,Gold,2025-02-26
254,Clarence,King,ybennett@example.net,Midwest,Standard,2024-05-27
255,Megan,Grant,hernandezkelsey@example.net,Northeast,Gold,2025-02-02
256,Alexandra,Malone,smithbill@example.net,Midwest,Silver,2023-07-08
257,Anthony,Wilson,angela71@example.net,Northeast,Platinum,2024-05-11
258,Sheila,Kelley,nguyenkeith@example.net,West,Gold,2026-01-23
259,Matthew,Mcdonald,antonio72@example.com,Southeast,Platinum,2025-02-23
260,Jack,Deleon,guzmanmichael@example.net,Southeast,Standard,2023-06-07
261,Oscar,Benitez,rogersdavid@example.org,Southeast,Gold,2024-03-15
262,Sarah,Schroeder,angelawilson@example.org,Midwest,Standard,2026-04-15
263,Diane,Tran,stanleyandrea@example.com,West,Standard,2025-04-20
264,Elizabeth,Watson,kevin21@example.net,Northeast,Silver,2025-01-25
265,Harold,Huffman,opeters@example.net,Southwest,Gold,2025-11-25
266,Chelsea,Davis,astephens@example.org,Northeast,Platinum,2026-04-11
267,Robert,Fleming,raymondromero@example.com,Southwest,Gold,2025-08-06
268,Tyler,Koch,hayneskristin@example.org,Northeast,Standard,2024-09-04
269,Leslie,Garcia,joshua54@example.org,West,Standard,2024-11-17
270,Wayne,Sanchez,conwaylisa@example.org,Southwest,Silver,2024-01-08
271,Robert,Gibson,josestewart@example.net,Midwest,Standard,2023-06-16
272,Laura,Thompson,courtneyjohnson@example.com,Northeast,Standard,2025-09-04
273,Nichole,Davis,latasha75@example.org,Northeast,Standard,2024-04-19
274,Sylvia,Deleon,butlerterri@example.net,Southwest,Standard,2025-03-13
275,Angela,Wilson,peter46@example.com,Midwest,Standard,2023-07-30
276,Charlotte,Davila,angelabrown@example.org,Midwest,Standard,2023-09-20
277,Aaron,Gilbert,balljessica@example.org,West,Standard,2023-10-17
278,Kylie,Barnes,mwright@example.net,Midwest,Standard,2024-07-08
279,Rhonda,Vargas,toddvaughan@example.com,Midwest,Platinum,2025-12-29
280,Martin,Graham,qberry@example.com,Midwest,Standard,2025-03-01
281,Tina,Hall,wspence@example.org,Southeast,Standard,2026-02-06
282,Andrew,Mullins,brittanywilliams@example.org,West,Silver,2024-10-20
283,Scott,Cross,ucollins@example.net,Northeast,Standard,2024-03-23
284,April,Ryan,uperez@example.com,Southwest,Platinum,2024-09-21
285,Anthony,Gardner,jessica15@example.org,Northeast,Gold,2024-08-14
286,James,Sampson,johnbruce@example.com,West,Standard,2024-12-15
287,Michael,Bowers,slloyd@example.org,Southwest,Standard,2024-02-08
288,Joe,Maldonado,elizabeth00@example.com,West,Gold,2024-10-24
289,Stephanie,Murphy,mirandasullivan@example.net,Midwest,Platinum,2023-10-28
290,George,Young,elizabethcastillo@example.net,Southwest,Standard,2023-06-23
291,Christine,Koch,chad73@example.com,Midwest,Silver,2023-11-22
292,Michael,Lopez,michaelreed@example.org,Northeast,Standard,2023-08-20
293,Vanessa,Hines,beasleykellie@example.com,Northeast,Platinum,2026-02-14
294,Denise,Calderon,maryburton@example.net,Southwest,Standard,2023-09-29
295,Rachel,Saunders,janice37@example.org,Southwest,Platinum,2026-03-17
296,Ricky,Thomas,lewismichael@example.org,West,Silver,2024-02-17
297,Megan,Perez,iross@example.org,West,Silver,2023-07-11
298,Stephanie,Lindsey,michael34@example.org,Midwest,Silver,2024-09-26
299,Laurie,Richards,michael40@example.org,Southwest,Standard,2024-09-04
300,Paul,Wagner,,Northeast,Standard,2024-03-17
301,Judith,Duncan,aprilwilcox@example.com,West,Standard,2026-04-30
302,Jennifer,Klein,jsanders@example.net,West,Standard,2025-11-24
303,Katherine,Smith,kgraham@example.org,Northeast,Gold,2024-04-08
304,Sarah,French,dunnkaren@example.net,West,Standard,2026-02-10
305,Glenn,White,hubbardaaron@example.net,Midwest,Standard,2025-04-03
306,Mariah,Prince,dickersonrobert@example.com,Southwest,Platinum,2024-06-13
307,Tanya,Cole,josephnewton@example.org,Northeast,Gold,2025-01-01
308,David,Terry,craig94@example.net,Southwest,Platinum,2023-10-21
309,April,Patterson,lauren69@example.com,West,Platinum,2026-01-29
310,Natalie,Wang,ramosjason@example.net,West,Standard,2025-07-31
311,Stephanie,Powers,coopermichael@example.org,Northeast,Standard,2026-05-01
312,Robert,Horton,gabrielleabbott@example.org,Midwest,Gold,2026-02-24
313,Paige,Morse,jasminemorrison@example.net,Southeast,Silver,2025-10-23
314,Kyle,Whitehead,staylor@example.org,Northeast,Standard,2025-05-08
315,Vanessa,Wilson,santosdeanna@example.org,Southeast,Gold,2024-04-07
316,Danielle,Collins,hparker@example.com,Southeast,Standard,2024-10-15
317,Jacqueline,Odonnell,mcculloughderrick@example.net,Midwest,Standard,2025-01-20
318,Mary,Allen,trussell@example.org,Southeast,Silver,2025-03-18
319,Susan,Lewis,jose55@example.com,Southeast,Silver,2024-06-02
320,Jennifer,Mcintosh,travisfernandez@example.org,Midwest,Silver,2024-03-05
321,Joshua,Moran,taylorlarry@example.com,Southeast,Standard,2024-10-20
322,Vicki,Henderson,david04@example.com,Southeast,Gold,2023-09-09
323,Rachel,Fisher,,Southeast,Standard,2024-12-31
324,Charles,Avila,kelly73@example.org,Northeast,Standard,2024-10-01
325,Michele,Gibson,garcialisa@example.org,Northeast,Gold,2023-07-01
326,Maria,Glover,robin27@example.net,Northeast,Platinum,2025-04-23
327,Brooke,Davis,thorn@example.net,Midwest,Gold,2025-05-05
328,Gregory,Farley,lawsondale@example.com,West,Gold,2026-01-23
329,Brent,Walsh,samanthamccann@example.org,Southeast,Silver,2026-01-08
330,Anthony,Sharp,dbarnett@example.org,Southeast,Silver,2023-10-20
331,Michael,Santiago,bnoble@example.com,Midwest,Standard,2023-08-05
332,Alexandra,Griffin,estewart@example.com,Southeast,Standard,2024-10-18
333,Jonathan,Nash,lindseysullivan@example.net,Northeast,Standard,2025-01-20
334,Maria,Lopez,tonyajohnson@example.net,West,Standard,2025-01-24
335,James,Daniels,,Southwest,Silver,2023-08-16
336,Dean,Robinson,christopherclark@example.com,Southeast,Standard,2024-05-19
337,Marvin,Jimenez,haynesalan@example.net,Northeast,Standard,2024-02-09
338,Manuel,Davis,stokesvalerie@example.net,Southwest,Standard,2025-02-02
339,Nicole,Beard,rrussell@example.com,West,Silver,2023-07-05
340,Anthony,Stevenson,shawnmcmillan@example.org,Southwest,Standard,2024-11-21
341,Jesus,Fields,qnguyen@example.org,Northeast,Gold,2025-04-08
342,David,Sutton,nmcmillan@example.org,Southwest,Standard,2023-11-19
343,Robin,Wiley,dana38@example.org,Midwest,Standard,2026-03-20
344,Todd,Burke,brose@example.com,Southwest,Silver,2025-04-26
345,Rebecca,Collins,dustinnelson@example.com,Southeast,Gold,2024-03-19
346,Natasha,Rowe,emmafernandez@example.org,Southeast,Standard,2024-06-23
347,Michael,Pugh,amanning@example.net,Midwest,Silver,2026-04-15
348,Steven,Fleming,ywalter@example.com,Northeast,Silver,2024-06-07
349,Jennifer,Walsh,xperez@example.org,Southeast,Standard,2024-07-28
350,Sara,Williams,dustinwilliams@example.org,West,Gold,2025-03-19
351,Summer,Best,dgreer@example.org,Southeast,Gold,2025-10-16
352,Rebekah,Terry,esmith@example.net,Southeast,Silver,2024-03-23
353,Taylor,Young,pamela73@example.org,Northeast,Gold,2023-10-31
354,Lisa,Martin,montesjessica@example.org,Southwest,Gold,2026-04-30
355,Bryce,Phelps,allenangela@example.com,Southeast,Silver,2025-08-22
356,Nancy,Dominguez,paulpowell@example.com,Midwest,Gold,2025-07-10
357,Natasha,Lloyd,usmith@example.org,Southwest,Silver,2026-02-08
358,Lindsay,Hardy,brownamy@example.org,West,Silver,2024-10-29
359,Nicole,Robinson,jesus97@example.org,Northeast,Silver,2025-12-30
360,Elizabeth,Johnson,jasmine89@example.net,West,Gold,2025-07-22
361,Michelle,Vargas,robert91@example.com,Southwest,Standard,2026-02-16
362,Brian,Martin,reynoldsmichele@example.org,Southwest,Gold,2025-12-12
363,Holly,Hunt,,Southwest,Gold,2025-07-11
364,Richard,Webster,cjohnson@example.com,West,Standard,2024-10-28
365,Leonard,Murphy,maloneana@example.org,Southwest,Gold,2026-05-17
366,Brendan,Tran,mwhite@example.org,West,Standard,2024-05-29
367,Sean,Armstrong,ojones@example.com,Southwest,Standard,2024-02-10
368,Randall,Choi,thomas57@example.com,Midwest,Silver,2024-05-04
369,Danielle,Martinez,gvelazquez@example.org,Southwest,Standard,2024-12-25
370,Wendy,Christensen,peterthompson@example.org,West,Gold,2025-08-03
371,James,Brown,mmiller@example.net,Southeast,Gold,2025-10-26
372,James,Harris,melindamartin@example.net,Southwest,Silver,2025-02-10
373,Mary,Buchanan,,Southeast,Standard,2023-11-17
374,Kevin,Hooper,stevenalvarez@example.org,Midwest,Standard,2024-10-22
375,Melanie,Malone,meghanstevenson@example.net,Northeast,Silver,2025-11-22
376,Brian,Hutchinson,joan88@example.org,Midwest,Platinum,2025-12-11
377,Rebecca,Sullivan,russell87@example.net,Southwest,Silver,2025-12-28
378,Molly,Anderson,jenniferavila@example.net,Southeast,Standard,2025-05-22
379,Alicia,Meza,tina51@example.com,Southeast,Silver,2024-10-18
380,Rachael,Smith,jamesharris@example.net,West,Silver,2026-04-05
381,Jennifer,Ross,michaelconway@example.net,Southeast,Gold,2026-01-27
382,Christopher,Lopez,hammondchristopher@example.net,West,Standard,2023-10-16
383,William,Barber,kjenkins@example.org,Northeast,Gold,2023-12-03
384,Leslie,Marquez,jessica69@example.net,Southwest,Silver,2025-02-22
385,Alison,Salas,mariah98@example.net,West,Platinum,2025-06-16
386,Angela,Mckinney,roger96@example.org,Northeast,Standard,2023-09-25
387,Martha,Bonilla,njones@example.org,Southeast,Silver,2023-06-07
388,Jenna,Mahoney,luis66@example.net,Southeast,Platinum,2026-02-23
389,Rebecca,Donaldson,zcoffey@example.com,Northeast,Standard,2024-10-14
390,Jordan,Ortega,bakergeorge@example.net,Southeast,Platinum,2025-06-17
391,Christina,Blake,michael19@example.net,Northeast,Silver,2026-01-02
392,Christina,Navarro,ashleydavid@example.net,West,Standard,2025-01-13
393,Jesse,Myers,ryan61@example.com,West,Standard,2025-09-11
394,Dylan,Grimes,troyrobinson@example.org,Northeast,Silver,2024-05-23
395,Andrew,Smith,eglover@example.com,West,Standard,2024-01-11
396,Jacob,Day,kellymitchell@example.net,West,Silver,2024-09-25
397,Rick,Wilson,fmcmahon@example.com,West,Standard,2023-11-24
398,Taylor,Jones,carriedaniels@example.org,Midwest,Silver,2023-10-11
399,Nicholas,Cook,anthonyford@example.org,Southwest,Standard,2024-04-02
400,John,Williams,taraturner@example.net,Southeast,Gold,2024-05-05
401,Christina,Holloway,hulljohn@example.net,Midwest,Platinum,2025-10-16
402,Kelsey,Davis,jensenmichael@example.org,West,Platinum,2023-08-07
403,Michelle,Martinez,qanderson@example.net,Northeast,Silver,2025-08-30
404,Eugene,Armstrong,qscott@example.org,West,Standard,2025-06-29
405,Tammy,Rosales,melissa34@example.com,Southwest,Gold,2025-01-23
406,Barbara,Walton,bfoster@example.com,West,Standard,2026-04-29
407,Richard,Robinson,allenjoseph@example.com,Northeast,Standard,2025-10-13
408,Dean,Davis,dlara@example.net,Southwest,Standard,2025-11-03
409,Kevin,Mcgee,hoffmanstephen@example.net,West,Standard,2023-11-03
410,Meghan,Williams,lancepotter@example.com,Southwest,Gold,2025-07-08
411,Evelyn,Clark,,Southeast,Silver,2025-01-29
412,Krista,Simpson,,Southeast,Standard,2023-07-11
413,Brianna,Rodriguez,lindsey54@example.com,West,Standard,2026-04-04
414,Larry,Peterson,johnsonlinda@example.com,Southwest,Platinum,2023-06-20
415,Tiffany,Villa,sweeks@example.net,Northeast,Standard,2026-01-11
416,Ray,Dennis,lisa00@example.net,West,Standard,2025-09-22
417,Penny,Jones,petersonedward@example.com,Southeast,Standard,2025-10-09
418,Benjamin,Randall,parkscindy@example.net,Southeast,Gold,2026-01-22
419,Christine,Flynn,angela32@example.net,West,Silver,2024-05-08
420,Tiffany,Rodriguez,holmesdaniel@example.org,Southwest,Standard,2023-06-10
421,Donna,Woods,vanglisa@example.org,Southeast,Standard,2025-10-19
422,Shelia,Perry,ecoleman@example.org,Southwest,Silver,2025-07-27
423,Kristen,Pope,blake10@example.org,Southeast,Silver,2025-04-15
424,Claudia,Allison,washingtonnoah@example.org,Southeast,Standard,2024-04-19
425,Andrea,Booth,jessethompson@example.net,Midwest,Platinum,2023-06-04
426,Ryan,Smith,sandersdarryl@example.com,Southeast,Standard,2023-09-18
427,Spencer,White,markcrane@example.net,Northeast,Standard,2024-01-19
428,Steven,Smith,steven92@example.com,West,Platinum,2024-12-22
429,Scott,Underwood,wrightstephanie@example.net,West,Standard,2023-09-16
430,Charles,Thomas,umalone@example.net,Southwest,Silver,2025-01-06
431,Charles,Gonzalez,kennethstanley@example.org,Southeast,Standard,2025-11-04
432,Melissa,Davis,thomas76@example.org,Northeast,Standard,2023-06-11
433,Alexandria,Parsons,millerwilliam@example.org,Southwest,Platinum,2023-06-28
434,George,Giles,charlesmcdonald@example.net,Midwest,Standard,2023-11-17
435,Julie,Harrell,stephaniematthews@example.net,Southwest,Gold,2024-02-10
436,Kimberly,Bauer,anitamiller@example.com,Southwest,Standard,2024-05-26
437,Kristin,Willis,charvey@example.com,Southeast,Standard,2026-01-04
438,Megan,Chang,,Midwest,Standard,2025-10-17
439,Richard,Pruitt,paul25@example.com,Southwest,Silver,2024-04-25
440,Steven,Watkins,hlawrence@example.com,Northeast,Standard,2024-03-11
441,Daniel,Moreno,gregory72@example.net,Northeast,Gold,2023-12-08
442,Amanda,Paul,joshua65@example.org,West,Standard,2025-10-26
443,Christian,Thomas,lreed@example.com,Midwest,Platinum,2025-01-15
444,Rachel,Henderson,anna48@example.com,Midwest,Standard,2025-04-16
445,Kenneth,Avery,carlagarcia@example.net,West,Gold,2025-08-29
446,Brett,Grimes,jacksonphillip@example.org,Southwest,Gold,2024-03-09
447,William,Garcia,stevenmoreno@example.com,Midwest,Gold,2024-09-03
448,Karen,Alvarado,ethan88@example.net,Northeast,Gold,2024-10-09
449,Jessica,Miller,ian31@example.net,Northeast,Gold,2026-04-09
450,Maria,Adams,johnsonshawn@example.net,Southeast,Silver,2025-05-07
451,Patrick,Oliver,emilypeters@example.org,Midwest,Standard,2024-04-14
452,Sherri,Brown,johnmiller@example.org,Southwest,Standard,2026-02-04
453,Kevin,Church,ffernandez@example.org,West,Platinum,2024-03-05
454,Kevin,Miller,yowens@example.org,West,Silver,2026-03-17
455,Nathaniel,Shelton,steven60@example.com,Southwest,Gold,2024-01-08
456,Elizabeth,Bridges,kennethrobinson@example.org,Southeast,Standard,2024-06-20
457,Samuel,Walton,natasha73@example.org,West,Standard,2024-11-15
458,Lori,Glass,irojas@example.org,Midwest,Standard,2023-10-23
459,Steven,Salas,robertswilliam@example.net,Southeast,Silver,2025-05-10
460,Ryan,Torres,hannahhines@example.com,Midwest,Standard,2023-05-28
461,Derrick,Johnson,yumelanie@example.com,Northeast,Standard,2025-04-25
462,Alvin,Ross,carlrobles@example.com,Southeast,Standard,2024-09-10
463,Jill,Hill,gomezkatherine@example.org,West,Standard,2025-08-20
464,Victoria,Lam,alexanderamber@example.net,Southeast,Silver,2025-09-09
465,Heather,Nguyen,jennifer65@example.org,Southeast,Standard,2025-02-08
466,Courtney,Richardson,xreyes@example.net,Southeast,Gold,2025-07-18
467,Linda,Jefferson,bridget92@example.org,Southeast,Standard,2024-01-01
468,Lauren,Lyons,derrickwilson@example.net,Midwest,Standard,2025-04-09
469,Andrea,Gamble,nelsonallison@example.com,Northeast,Standard,2025-09-13
470,Hailey,Christensen,rprice@example.com,Southwest,Standard,2024-09-01
471,Candace,Jacobs,jorr@example.net,Southeast,Standard,2025-05-18
472,Nicole,Rose,danajames@example.net,West,Standard,2023-08-18
473,Keith,Todd,mgrant@example.net,Southeast,Silver,2024-09-21
474,Timothy,Mason,nvalentine@example.net,West,Standard,2024-07-08
475,Paula,Reed,,Midwest,Silver,2024-10-15
476,Laura,Scott,james67@example.com,West,Gold,2025-03-14
477,Nicholas,Fowler,kenneth78@example.net,Southwest,Gold,2026-03-21
478,Samantha,Fleming,,Northeast,Standard,2024-09-25
479,Michelle,Salinas,timothy97@example.com,West,Standard,2026-03-29
480,Rebecca,Duran,othompson@example.org,West,Standard,2025-12-24
481,Karen,Davis,qrichards@example.org,Northeast,Standard,2025-05-25
482,Brittany,Hoffman,pnelson@example.com,Southwest,Platinum,2023-07-14
483,Jessica,Fisher,elizabethhill@example.org,Southeast,Standard,2024-05-13
484,Barbara,Davis,castillojames@example.org,West,Standard,2025-12-07
485,Christopher,Campbell,miguelstevens@example.org,Northeast,Silver,2025-10-21
486,Tracey,Jordan,vanessahogan@example.net,Midwest,Silver,2026-04-19
487,Linda,Rodriguez,agoodwin@example.com,Northeast,Silver,2024-12-07
488,Jennifer,Smith,whitney71@example.net,Midwest,Standard,2023-05-23
489,Matthew,Perry,mitchellemily@example.net,Southwest,Standard,2023-07-21
490,Zoe,Orr,markgutierrez@example.org,Southeast,Silver,2023-08-27
491,Tracey,Meyer,hperez@example.net,Northeast,Standard,2023-09-23
492,Erin,Willis,floresphilip@example.net,West,Standard,2024-08-24
493,Michael,Moss,cruzchristopher@example.net,Southwest,Standard,2023-08-19
494,April,Sanchez,blanchardrichard@example.net,Northeast,Standard,2024-01-13
495,James,Bates,fordstephen@example.net,West,Standard,2024-12-24
496,Jeffrey,Higgins,david71@example.net,Northeast,Standard,2023-10-23
497,Ivan,Lang,mariarobinson@example.org,Midwest,Silver,2025-06-13
498,Courtney,Hughes,chelsea04@example.net,Northeast,Silver,2023-12-17
499,Alyssa,Perez,charlesryan@example.net,Northeast,Gold,2025-09-11
500,Amanda,Anderson,dawn34@example.org,Northeast,Standard,2024-09-02
501,Anna,Garcia,lfitzgerald@example.org,Southwest,Standard,2025-10-31
502,Benjamin,Mcdaniel,privera@example.com,Northeast,Standard,2024-01-10
503,Todd,Glover,kevinjohnson@example.com,West,Silver,2024-06-13
504,Debra,Jackson,tanyaramirez@example.org,Midwest,Silver,2025-06-10
505,Autumn,Barker,villegasdeborah@example.net,Midwest,Standard,2025-03-28
506,Katherine,Martin,ponceandrew@example.net,Northeast,Platinum,2023-08-08
507,Timothy,Parks,dawnerickson@example.org,Southwest,Standard,2024-10-05
508,Megan,Washington,blake82@example.org,Southwest,Silver,2024-12-14
509,John,Brooks,olivianguyen@example.com,West,Silver,2023-09-25
510,Jasmine,Thomas,odiaz@example.net,Northeast,Gold,2026-03-19
511,Ashley,Blankenship,alexandrarice@example.com,Midwest,Silver,2025-12-24
512,Jessica,Owens,qpeterson@example.org,Southwest,Gold,2023-07-28
513,Jennifer,Miller,andrewyoung@example.org,Northeast,Standard,2025-08-19
514,Amanda,Thompson,dmorales@example.net,Southwest,Gold,2024-11-28
515,Amanda,Allen,marshallashley@example.net,Southwest,Standard,2023-12-24
516,Michael,Smith,cavila@example.net,Midwest,Gold,2026-04-11
517,John,Drake,terrismith@example.net,Southeast,Silver,2023-08-05
518,Susan,Johnson,qgonzales@example.com,West,Gold,2023-11-04
519,Stephanie,Villarreal,sean24@example.org,West,Standard,2024-09-13
520,Adam,Martinez,ramirezdevin@example.net,Midwest,Silver,2024-05-02
521,Steven,Higgins,,Southwest,Silver,2025-08-22
522,Shannon,Mcclure,mariedavis@example.com,Northeast,Silver,2025-11-29
523,Peter,Clark,efrazier@example.com,Southwest,Standard,2025-06-26
524,Lance,Dickson,terrijones@example.org,Midwest,Standard,2025-05-16
525,Nichole,Williams,toni70@example.net,West,Standard,2024-04-15
526,Jacqueline,Taylor,lisamoody@example.net,Southwest,Standard,2025-09-13
527,Holly,Brown,keith76@example.com,West,Gold,2026-02-23
528,James,Cook,allendaniel@example.net,Northeast,Standard,2026-02-17
529,Gregory,Hicks,joneill@example.net,West,Platinum,2024-01-30
530,Robert,Williams,gromero@example.com,West,Standard,2023-10-25
531,Todd,Ruiz,,Southeast,Standard,2026-04-20
532,Cheryl,Parks,ifaulkner@example.org,Southeast,Gold,2024-04-28
533,Cheryl,Doyle,kking@example.org,Southeast,Silver,2025-12-17
534,Gina,Hensley,deancarlos@example.org,West,Standard,2026-04-09
535,Janice,Thomas,ashleysims@example.net,Midwest,Silver,2025-03-28
536,Steven,Williams,michael59@example.net,West,Silver,2026-02-20
537,Crystal,Hernandez,qhuber@example.net,Midwest,Standard,2024-03-20
538,William,Cook,xlee@example.com,Midwest,Platinum,2024-07-28
539,Victoria,Clark,aaronwilliams@example.org,Southeast,Platinum,2024-07-23
540,Jason,Clements,rebeccarobbins@example.org,Southwest,Silver,2025-06-17
541,Brianna,Gross,bradfordgerald@example.org,Northeast,Standard,2024-12-08
542,Ashley,Burke,milleredwin@example.net,Southeast,Silver,2023-09-19
543,Victoria,Anderson,adamjackson@example.net,Southeast,Standard,2024-05-21
544,Joan,Huynh,david80@example.net,Southwest,Standard,2026-05-14
545,Jeffrey,Alexander,garzaregina@example.org,Northeast,Standard,2024-07-19
546,Thomas,Payne,russell44@example.org,West,Standard,2026-02-11
547,Jay,Young,vrobinson@example.org,West,Gold,2026-04-28
548,Becky,Jensen,andrerivas@example.org,Southeast,Silver,2025-12-14
549,Tammy,Taylor,mitchellmatthew@example.org,Northeast,Silver,2025-05-06
550,Megan,Jones,gabrielphillips@example.org,Southeast,Standard,2024-07-30
551,Joshua,Watkins,angelasmith@example.org,Midwest,Standard,2024-04-14
552,Brandon,Short,lsanchez@example.net,Southeast,Standard,2023-12-01
553,Edward,Bennett,jacobsonjackson@example.com,Southeast,Platinum,2024-03-13
554,Kaitlin,Smith,pmendoza@example.org,West,Standard,2025-09-17
555,Mark,Schneider,catherine65@example.com,West,Gold,2025-07-19
556,Lisa,Monroe,joshua67@example.net,West,Silver,2026-03-19
557,Scott,Barry,kaylathomas@example.net,Midwest,Standard,2026-01-24
558,Brenda,Rogers,lsmith@example.net,West,Silver,2024-08-27
559,Eric,Shelton,gwilliams@example.net,Northeast,Standard,2026-03-25
560,Gavin,Manning,michellebishop@example.org,Southwest,Gold,2026-01-03
561,William,Kerr,matthewgiles@example.org,Northeast,Platinum,2025-11-25
562,Andrew,Miller,tannerjennifer@example.org,Northeast,Standard,2023-07-06
563,Chad,Zhang,juan96@example.org,West,Standard,2024-05-30
564,Eric,Collins,hhoffman@example.net,Southwest,Silver,2024-02-05
565,Michael,Mcclure,qchen@example.com,Southwest,Platinum,2023-08-24
566,Devin,Vasquez,brian05@example.org,Southwest,Standard,2025-05-30
567,Jane,Harper,riosbradley@example.com,Midwest,Silver,2024-05-31
568,Patty,Rodriguez,smithemily@example.org,West,Silver,2023-08-10
569,Andres,Ward,turnerchristine@example.com,Southwest,Silver,2024-04-16
570,Jennifer,Hicks,djackson@example.net,Midwest,Standard,2025-11-01
571,Jerry,Howell,richard89@example.org,Southeast,Silver,2024-10-06
572,Elizabeth,Webster,kristina71@example.net,Southeast,Platinum,2024-06-10
573,Jimmy,Vaughn,shellychan@example.net,Midwest,Standard,2025-06-10
574,Erin,Blankenship,angela09@example.com,Midwest,Standard,2023-12-18
575,Lindsey,Cunningham,rhill@example.net,West,Platinum,2026-01-01
576,Jessica,Cook,tracifernandez@example.net,West,Standard,2025-03-06
577,Wendy,Garner,hollyjackson@example.com,Southeast,Gold,2023-08-21
578,Norma,Houston,jenniferjohnson@example.net,Southwest,Standard,2025-06-04
579,Elizabeth,Daniel,sharon95@example.net,Southeast,Standard,2024-12-30
580,Susan,Clark,,Southwest,Gold,2025-02-10
581,Michael,Miller,gina50@example.org,Southwest,Standard,2024-12-19
582,Kevin,Castillo,nathan90@example.net,West,Silver,2023-09-09
583,Christopher,Jackson,tayloremily@example.net,Northeast,Standard,2025-11-01
584,Jennifer,Jones,deborahwilliams@example.net,Northeast,Silver,2026-04-27
585,Stephanie,Myers,mary53@example.com,Midwest,Standard,2025-07-21
586,Darren,Johnson,,West,Standard,2023-08-08
587,Karen,Webb,jenniferflowers@example.com,Southwest,Platinum,2025-05-19
588,Hannah,Woodard,victor92@example.com,Northeast,Standard,2026-01-20
589,Megan,Stanley,,Southwest,Silver,2025-12-27
590,Jasmin,Martinez,bennettdavid@example.org,Northeast,Standard,2023-07-07
591,Lisa,Robles,austinwest@example.net,Northeast,Gold,2025-02-10
592,Billy,Mack,johnsonclaudia@example.org,Northeast,Standard,2025-01-28
593,Christopher,Rose,paulpage@example.org,West,Platinum,2025-01-07
594,Kristina,Johnson,christopher35@example.net,Southeast,Standard,2023-05-24
595,Whitney,Hopkins,annettewilson@example.org,Southwest,Standard,2023-07-09
596,Chad,Ellis,cgray@example.com,West,Standard,2025-11-24
597,Michael,Neal,lpeterson@example.net,West,Standard,2024-01-09
598,Jessica,Garcia,rodriguezcharles@example.org,West,Silver,2024-04-20
599,Lisa,Hunter,mariealexander@example.com,West,Standard,2024-04-11
600,Daniel,Lee,williamsbriana@example.net,West,Gold,2025-12-22
601,Maria,Jones,kathy71@example.com,Midwest,Standard,2024-11-23
602,Jasmine,George,paulgaines@example.net,Southwest,Standard,2024-07-04
603,Natasha,Fields,asnyder@example.org,West,Silver,2023-07-07
604,Sharon,Haynes,kristi52@example.org,Southwest,Silver,2026-02-19
605,Matthew,Phillips,williamsfelicia@example.org,Midwest,Standard,2024-10-08
606,Bridget,Kent,mayjoseph@example.net,Midwest,Standard,2024-10-28
607,Travis,Nielsen,millercaleb@example.com,Southwest,Standard,2025-04-07
608,Kelly,Middleton,erinbrooks@example.com,Northeast,Silver,2025-02-07
609,Amber,Garcia,bdiaz@example.org,Southeast,Silver,2025-08-30
610,Anthony,Kennedy,andrew66@example.org,Northeast,Standard,2025-08-15
611,Christie,Adams,wdillon@example.org,Northeast,Gold,2026-02-19
612,Patricia,Nelson,jessicahaas@example.com,Northeast,Gold,2025-08-09
613,Clarence,Taylor,oneilljacob@example.org,West,Silver,2025-09-17
614,Janice,Jones,brian22@example.org,Midwest,Gold,2025-03-16
615,Crystal,Thomas,rodriguezjacqueline@example.net,Northeast,Standard,2025-08-31
616,James,Kelly,anitabradshaw@example.org,Midwest,Standard,2023-10-10
617,Louis,Mccarty,robert08@example.net,Southwest,Standard,2023-10-02
618,Rachel,Shepherd,mcdonaldcarolyn@example.org,Southeast,Standard,2023-06-27
619,Julie,Smith,lauren79@example.org,Southwest,Silver,2025-01-30
620,Rachel,Parks,kristine56@example.net,Southwest,Platinum,2023-06-08
621,Corey,Morgan,emilyhood@example.com,West,Standard,2025-09-19
622,Kristin,Wright,hgreen@example.org,Southeast,Standard,2023-10-10
623,Summer,Whitaker,kmorgan@example.net,Southwest,Standard,2026-02-06
624,John,Lindsey,frank03@example.net,Southwest,Platinum,2026-01-06
625,Thomas,Edwards,phamraymond@example.org,Southeast,Standard,2023-12-01
626,Erica,Miller,jadesims@example.org,Southeast,Silver,2024-11-09
627,Wendy,Miller,inguyen@example.com,Southwest,Standard,2026-03-30
628,Stuart,Rodriguez,jenniferwang@example.org,Southeast,Standard,2024-01-24
629,Lauren,Mccarthy,petermathews@example.com,Southwest,Platinum,2024-08-01
630,Allison,Clark,smithjeffery@example.com,Southwest,Platinum,2024-03-10
631,Mark,Curtis,nathan92@example.net,West,Standard,2024-07-26
632,Kelsey,Martin,rmoore@example.org,Northeast,Platinum,2024-09-19
633,Brian,Hodges,danielle31@example.org,Southwest,Silver,2025-10-23
634,Kevin,Tate,leonard54@example.org,Midwest,Gold,2025-01-01
635,Kelly,Long,amanda17@example.com,Northeast,Standard,2025-06-22
636,Kerri,Lee,tylermurray@example.org,Northeast,Silver,2024-06-13
637,Patrick,White,jocelyn67@example.net,Northeast,Standard,2023-11-04
638,Vincent,Lewis,leah25@example.org,West,Silver,2025-03-17
639,Joseph,Miller,oking@example.net,Southwest,Standard,2024-11-19
640,Robert,Peters,charles41@example.com,West,Standard,2025-03-24
641,Marissa,Fisher,nicolesanchez@example.net,Southwest,Standard,2025-05-18
642,Mary,Martinez,yvettemorrow@example.org,West,Silver,2024-05-22
643,Matthew,Landry,debbie88@example.com,West,Standard,2023-08-01
644,Madeline,Williams,timothy54@example.com,Midwest,Silver,2023-07-20
645,Lisa,Cortez,gabrielmiller@example.net,West,Platinum,2025-05-21
646,Jennifer,Johns,jreese@example.org,Southeast,Standard,2024-06-12
647,Brandon,Murray,zgarcia@example.net,Midwest,Silver,2024-07-05
648,Monica,Perry,alan80@example.com,West,Standard,2026-05-01
649,Melissa,Lloyd,lharris@example.com,Northeast,Gold,2024-03-02
650,James,Howell,henrymerritt@example.org,Southeast,Standard,2025-03-10
651,Jasmine,Perry,katherine79@example.net,Southeast,Silver,2024-05-23
652,Jasmine,Fields,swilliams@example.net,Southeast,Gold,2024-03-27
653,Matthew,Bradley,troy87@example.net,Midwest,Platinum,2025-09-02
654,Sharon,Herrera,benjamin27@example.net,West,Silver,2024-05-14
655,Emily,Smith,kchambers@example.org,West,Standard,2023-11-23
656,Alex,Jones,apham@example.com,Northeast,Silver,2023-10-10
657,Anthony,Cook,haydengonzales@example.org,Northeast,Gold,2025-03-29
658,Terri,Taylor,braunchristopher@example.com,Southeast,Silver,2024-08-21
659,Richard,Decker,kristinaking@example.com,Northeast,Standard,2023-11-15
660,Christopher,Yoder,astuart@example.com,Midwest,Platinum,2025-09-29
661,Melissa,Kennedy,antonio12@example.net,West,Silver,2024-07-09
662,Devin,Henderson,slewis@example.org,Southeast,Silver,2025-12-25
663,Gregory,Johnston,blevinsamy@example.com,Northeast,Standard,2025-01-22
664,Jennifer,Cannon,uburch@example.net,Midwest,Silver,2025-02-26
665,Roy,Riggs,mreed@example.org,Midwest,Standard,2023-06-12
666,Andrew,Sims,scottkimberly@example.net,Northeast,Silver,2026-01-25
667,Lindsay,Barnes,,West,Standard,2025-10-11
668,Crystal,Smith,richard85@example.org,Northeast,Silver,2024-07-01
669,Erin,Roth,mkline@example.net,Southeast,Platinum,2025-08-07
670,Rebecca,Long,beth16@example.net,Northeast,Standard,2023-07-07
671,Michael,Pratt,ifisher@example.com,Midwest,Platinum,2025-09-17
672,Michael,Johnson,annejackson@example.org,Northeast,Standard,2023-09-09
673,Jesus,Walker,trevor10@example.net,West,Gold,2025-05-06
674,Rebecca,James,johnsondaniel@example.net,Southwest,Gold,2023-08-23
675,Matthew,Simon,manuelmclean@example.net,Northeast,Silver,2026-01-23
676,Tonya,Roberts,josephtiffany@example.org,West,Silver,2023-12-09
677,John,Guerra,maria65@example.org,West,Gold,2024-04-08
678,Andrew,Patterson,gward@example.org,Midwest,Standard,2024-03-10
679,Alejandro,Sanchez,sroberts@example.org,West,Standard,2024-02-15
680,Anthony,Diaz,patriciamccoy@example.org,West,Silver,2024-05-31
681,Linda,Dalton,asmith@example.com,West,Gold,2024-05-21
682,Brianna,Schroeder,meredithrodriguez@example.com,West,Gold,2026-03-29
683,Jennifer,Marshall,brettfuller@example.org,Southeast,Gold,2023-06-07
684,Robert,Alvarez,elizabethmcdowell@example.org,Southeast,Standard,2024-11-18
685,Kathryn,Herring,tfischer@example.com,Midwest,Gold,2026-03-20
686,Kevin,Davis,thomaspierce@example.org,Northeast,Standard,2026-04-23
687,Logan,Meadows,navarrowhitney@example.net,West,Silver,2024-08-12
688,Maurice,Weeks,bellpatricia@example.com,Northeast,Standard,2023-11-06
689,Edward,Manning,jacobenglish@example.net,Northeast,Standard,2023-07-23
690,Carolyn,Wilcox,dustinwalker@example.com,Midwest,Standard,2023-12-17
691,Catherine,Murphy,kclarke@example.org,West,Standard,2024-07-09
692,Gregory,Moore,alexharvey@example.com,West,Silver,2023-11-28
693,Sarah,Gilbert,moorenicholas@example.com,Southwest,Standard,2024-12-07
694,Madison,Brewer,josephoconnor@example.net,Northeast,Standard,2026-03-20
695,James,Jones,jamesscott@example.net,Northeast,Standard,2023-12-05
696,Rodney,Pierce,sabrina42@example.com,Southeast,Standard,2023-12-26
697,Tim,Smith,buchananjoyce@example.net,Southwest,Standard,2023-12-08
698,Ryan,Brandt,gregory03@example.org,Southeast,Standard,2024-08-23
699,Nina,Abbott,clucas@example.net,Southeast,Silver,2024-03-23
700,Heidi,Ruiz,jonestheresa@example.net,Southeast,Silver,2024-02-28
701,James,Jones,heather83@example.org,Midwest,Silver,2025-07-01
702,Stephanie,Vincent,jesse27@example.com,Midwest,Standard,2024-08-29
703,Tanya,Stokes,perezalicia@example.com,Southeast,Standard,2025-10-25
704,Rachel,Miller,christopherfox@example.net,Southwest,Gold,2023-07-01
705,Chelsea,Dean,rjohnson@example.net,Northeast,Silver,2023-11-21
706,Bernard,Johnson,seanwalker@example.net,Southwest,Standard,2023-12-19
707,John,May,ramirezrenee@example.com,West,Standard,2026-04-08
708,Jasmine,Cobb,gregory41@example.org,Midwest,Standard,2025-07-01
709,Beverly,Leblanc,kimberlyrodriguez@example.org,Northeast,Standard,2024-12-21
710,Kevin,Benson,alexanderhenderson@example.org,Northeast,Standard,2025-05-07
711,Tanner,Lucas,solomonamanda@example.com,West,Silver,2024-03-08
712,Christine,Fernandez,monica00@example.org,West,Silver,2024-11-27
713,Timothy,Kirby,danielpitts@example.org,Southeast,Silver,2024-04-24
714,Nancy,Patton,jhayes@example.org,Midwest,Gold,2025-05-03
715,Nicholas,Gonzalez,,Midwest,Gold,2025-03-30
716,Angela,Parker,jonesmichael@example.com,Southwest,Silver,2024-05-07
717,Christopher,Lane,jessebarber@example.org,Southeast,Platinum,2025-08-07
718,Deborah,Guerra,msmith@example.org,Southeast,Standard,2024-09-30
719,Mark,Dunn,littlejonathon@example.net,Southeast,Standard,2025-09-15
720,Zachary,Hughes,martin26@example.com,Southeast,Standard,2024-05-21
721,Todd,Tate,matthewcollins@example.net,Midwest,Silver,2024-11-15
722,Richard,Lopez,dsmith@example.com,Midwest,Gold,2024-04-07
723,Sarah,Coleman,harrisamy@example.org,Southeast,Standard,2025-11-20
724,Sandra,Scott,shannon03@example.net,Southwest,Platinum,2025-01-30
725,Troy,Jones,thomassierra@example.net,Northeast,Standard,2025-06-07
726,Gerald,Hayden,vfuller@example.com,Northeast,Platinum,2025-03-06
727,Cody,Alvarez,olsonnathan@example.com,Southwest,Standard,2023-06-11
728,Diana,Rogers,kristen36@example.net,Southeast,Standard,2024-05-31
729,Kristen,Weaver,mitchelljustin@example.com,Midwest,Standard,2023-06-10
730,Rhonda,Hayes,charles31@example.net,Northeast,Standard,2024-07-16
731,Jon,Poole,tjimenez@example.com,West,Standard,2026-01-14
732,Cody,Figueroa,choikimberly@example.net,West,Standard,2023-07-17
733,Charles,Long,veronica84@example.net,Southwest,Gold,2024-08-31
734,Nicole,Walters,michael56@example.com,Southeast,Silver,2024-04-24
735,Melissa,Jacobs,carrie43@example.org,Northeast,Standard,2024-09-28
736,Jessica,Fox,travisguerra@example.net,Southeast,Silver,2025-04-14
737,Kaitlin,Middleton,derrick78@example.net,Northeast,Silver,2024-02-10
738,Charles,Brown,hudsonelizabeth@example.net,Southwest,Standard,2025-10-21
739,Jerry,Taylor,jessica96@example.com,Southwest,Standard,2025-11-10
740,Anna,Leon,sharris@example.org,West,Standard,2023-09-07
741,Mikayla,Ayala,michael87@example.com,Southeast,Standard,2024-04-01
742,Jon,Stewart,robinsonmichelle@example.org,West,Silver,2025-05-23
743,Thomas,Ali,ericdickerson@example.org,Southeast,Standard,2025-03-20
744,Heather,Mcbride,sbrown@example.org,West,Silver,2026-01-21
745,Diana,Martinez,zsilva@example.net,Midwest,Silver,2025-05-04
746,Steven,Jennings,andreaharper@example.com,Midwest,Standard,2025-02-14
747,Robert,Mendoza,yreed@example.net,Midwest,Silver,2025-06-30
748,Thomas,Hudson,cindy66@example.org,Midwest,Standard,2023-08-10
749,Christina,Ferrell,jennifer78@example.com,Northeast,Platinum,2023-08-20
750,Diana,King,meghanharper@example.org,Midwest,Standard,2025-12-05
751,Loretta,Nichols,ujohnson@example.net,Southwest,Gold,2024-07-23
752,Russell,Johnson,joel02@example.com,Southwest,Silver,2024-02-03
753,Richard,Ellis,deankyle@example.net,Northeast,Standard,2023-08-07
754,Wendy,Meyer,banksmarcus@example.org,Midwest,Silver,2024-08-26
755,Bruce,Brown,brooke63@example.com,Midwest,Platinum,2025-07-29
756,Frances,Barrett,brandy55@example.org,Midwest,Silver,2025-02-19
757,Erika,Parker,jennifer37@example.com,West,Gold,2023-12-18
758,Michael,Walker,yvettegordon@example.org,Southeast,Gold,2024-04-28
759,Michele,Hopkins,osmith@example.net,West,Standard,2023-10-17
760,Amber,Flores,clarkjennifer@example.org,Southeast,Standard,2024-02-24
761,Frank,Macdonald,,Midwest,Silver,2025-01-31
762,Carla,Graves,tanyawilliamson@example.org,Midwest,Standard,2023-10-04
763,Robert,Pierce,jayhunt@example.net,West,Gold,2023-12-04
764,Rebecca,Shepherd,colinblack@example.org,West,Platinum,2026-05-04
765,James,Watkins,dhouston@example.com,Southeast,Standard,2024-05-29
766,Christine,Brown,edwardpatterson@example.org,Southwest,Standard,2023-07-26
767,April,Gordon,crystal50@example.com,Southeast,Gold,2024-09-20
768,Melinda,Rodriguez,christina87@example.org,West,Standard,2026-04-12
769,Karen,Blackwell,david14@example.net,West,Gold,2024-04-09
770,Daniel,Sandoval,rosscheryl@example.net,Northeast,Standard,2025-05-30
771,Brittany,Vaughan,rhunter@example.com,West,Silver,2025-09-10
772,Zachary,White,benjaminmathews@example.com,Northeast,Standard,2025-06-25
773,Terri,Green,merrittaustin@example.net,Southwest,Silver,2024-10-03
774,Scott,Mata,btucker@example.com,Southeast,Standard,2026-02-17
775,Steven,Martin,thompsonbethany@example.org,Southeast,Silver,2025-01-08
776,Amanda,Glover,michelle65@example.org,Northeast,Standard,2023-09-01
777,Elijah,Meza,gbrown@example.org,Southeast,Silver,2023-12-02
778,Amanda,Mcdonald,kellywhite@example.net,West,Gold,2026-02-12
779,Paige,Richardson,annavalencia@example.com,Midwest,Standard,2023-06-16
780,Jeffrey,Torres,bensonholly@example.org,Northeast,Standard,2024-09-24
781,Elizabeth,Sosa,kayla70@example.com,Southeast,Standard,2024-06-24
782,Janice,Warner,scott61@example.net,Northeast,Silver,2023-08-08
783,Richard,Myers,tsmith@example.com,Northeast,Silver,2023-12-21
784,Andrew,Morales,tlewis@example.com,Midwest,Silver,2024-11-04
785,Ian,Wright,rmorris@example.org,West,Standard,2025-08-27
786,Nicholas,Johnson,rebeccawillis@example.com,Northeast,Standard,2023-08-04
787,Cody,White,uclark@example.net,Southeast,Silver,2025-11-08
788,Travis,Ramos,christopher52@example.org,Southwest,Standard,2023-12-24
789,Thomas,Velazquez,martinezwilliam@example.org,Northeast,Platinum,2023-10-07
790,Joseph,Ryan,xanderson@example.net,Northeast,Standard,2023-12-06
791,Nicole,Valencia,terrancetorres@example.org,Midwest,Silver,2025-12-09
792,Sean,Berger,hkim@example.net,West,Standard,2025-06-08
793,Shannon,Hanson,paula04@example.org,Southwest,Standard,2023-12-15
794,Keith,Castaneda,bradleydavid@example.org,Southeast,Silver,2024-10-29
795,Joseph,Kane,deniselloyd@example.org,Southwest,Silver,2023-10-24
796,Lisa,Smith,vperkins@example.org,Southeast,Platinum,2024-04-27
797,Amanda,Buchanan,ramirezlaura@example.net,West,Standard,2025-09-30
798,Bryce,Griffin,sharon19@example.com,Southeast,Standard,2025-03-12
799,Laura,Ortega,sharon28@example.net,Midwest,Silver,2024-04-30
800,Carmen,Hamilton,eric20@example.net,Midwest,Silver,2025-08-05
801,Shelby,Adams,kayla65@example.net,Midwest,Standard,2024-10-15
802,Shawn,Griffin,olivia38@example.com,Midwest,Standard,2025-06-21
803,Edward,Bradley,jacobchavez@example.net,Southwest,Standard,2024-11-06
804,Terri,Flores,veronicadavenport@example.org,West,Gold,2024-07-03
805,Brian,Jones,tamarasawyer@example.com,Southeast,Standard,2025-12-10
806,Christopher,Stanley,cathyhale@example.net,Southeast,Standard,2024-08-17
807,Anthony,Davis,trujillosandra@example.com,Midwest,Standard,2025-12-02
808,Michelle,Garcia,,Midwest,Standard,2024-07-24
809,Kimberly,Burns,nross@example.com,Northeast,Standard,2024-02-07
810,Devin,Jones,ashley59@example.com,West,Silver,2023-07-29
811,Francisco,Hood,thomasarnold@example.net,Southwest,Standard,2024-10-14
812,Natasha,Martinez,ashleyvincent@example.com,Southeast,Gold,2024-10-17
813,Patrick,Robinson,gonzalezcorey@example.net,Northeast,Standard,2025-02-04
814,Faith,Freeman,brownvalerie@example.org,Northeast,Silver,2024-12-14
815,Ronald,Martin,kbarnett@example.org,Southeast,Gold,2025-10-26
816,Robin,White,robyn90@example.net,Southwest,Silver,2024-02-20
817,Robert,Fuentes,olivia50@example.org,Northeast,Silver,2024-03-01
818,Corey,Hart,logankelly@example.com,Northeast,Standard,2025-10-15
819,Mario,Williams,shepardveronica@example.org,West,Standard,2024-05-23
820,Marcus,Neal,jillberry@example.org,Southwest,Silver,2024-12-11
821,Paul,Flores,awright@example.org,Northeast,Platinum,2024-03-01
822,David,Garcia,ucantu@example.com,Southwest,Silver,2025-05-19
823,Jennifer,Anderson,garnerkevin@example.com,Southeast,Silver,2025-05-16
824,Aaron,Crawford,johnarmstrong@example.net,Midwest,Silver,2025-11-25
825,Brittany,Carter,welchkatherine@example.net,Northeast,Standard,2024-11-24
826,Carl,Skinner,wilsonadrienne@example.net,West,Standard,2024-09-27
827,Shirley,Wright,kelly41@example.net,Southeast,Silver,2024-01-08
828,Michael,Dixon,,Southwest,Platinum,2024-01-13
829,Benjamin,Green,tiffanysullivan@example.com,Southeast,Standard,2023-09-19
830,Stephanie,Martinez,ryanjackson@example.com,Northeast,Silver,2025-04-14
831,Sarah,Love,donna99@example.org,Southwest,Standard,2025-06-06
832,Garrett,Andrews,timothy10@example.com,Midwest,Silver,2024-04-08
833,Tiffany,Cox,brittanyheath@example.net,Southeast,Standard,2024-07-28
834,Martin,Smith,jwoods@example.org,Northeast,Standard,2024-01-26
835,Belinda,Montoya,nicholasweaver@example.com,West,Gold,2024-03-16
836,Danielle,Joseph,ashleyfrye@example.net,Southwest,Standard,2025-12-03
837,Isaac,Nelson,ricky68@example.org,Southeast,Silver,2025-03-10
838,Jesus,Russell,donaldsontimothy@example.org,Southeast,Gold,2024-10-04
839,Kristen,Hoover,wellskatherine@example.com,Midwest,Platinum,2025-03-19
840,Oscar,Moreno,anelson@example.org,Midwest,Standard,2026-05-02
841,Andrea,Ruiz,franklinleslie@example.com,West,Standard,2024-04-19
842,Marc,Garcia,kimberlyboyer@example.com,West,Standard,2024-10-27
843,William,Wilkins,usanchez@example.com,Northeast,Platinum,2026-03-05
844,Carol,King,oconnorgary@example.net,Northeast,Platinum,2024-09-14
845,Mario,Thompson,davislisa@example.net,West,Silver,2023-11-04
846,Linda,Ramirez,ellen55@example.com,West,Gold,2023-06-14
847,Kylie,Gutierrez,johnhouse@example.net,Southwest,Silver,2025-11-12
848,Joan,Moore,wheelermackenzie@example.org,Midwest,Silver,2026-02-18
849,Kayla,Miles,crystalsmith@example.com,Northeast,Standard,2026-01-25
850,Adam,Clark,reginasmith@example.org,Midwest,Gold,2025-07-11
851,Shannon,Holden,catherine78@example.org,Midwest,Standard,2023-07-20
852,Joseph,Farmer,davidbray@example.org,West,Gold,2025-03-05
853,Karen,Foster,ubuckley@example.net,Southwest,Gold,2024-01-09
854,Tiffany,Williams,uwarner@example.org,Southeast,Silver,2025-10-25
855,Connie,Walsh,pearsonkevin@example.org,Southwest,Standard,2023-10-16
856,Elizabeth,Duncan,vsimpson@example.net,Southwest,Standard,2024-08-13
857,Heather,Nash,patriciariley@example.org,Midwest,Standard,2025-05-02
858,Susan,Garcia,robertmata@example.com,Southwest,Standard,2025-10-11
859,Joseph,Wilson,lisaallen@example.com,Northeast,Standard,2025-05-25
860,Philip,Nichols,mary33@example.com,Midwest,Platinum,2024-06-15
861,Kendra,Sweeney,jeffreystuart@example.net,Northeast,Silver,2024-01-09
862,Lisa,Wong,leeray@example.org,Southeast,Standard,2025-03-09
863,Tiffany,Morales,eroman@example.net,Midwest,Standard,2025-09-01
864,Linda,Alexander,xmartinez@example.com,Southeast,Standard,2025-10-13
865,James,Baker,daniel04@example.org,Midwest,Silver,2023-09-26
866,Brandy,Wheeler,aharper@example.net,West,Silver,2024-06-30
867,Chad,Adams,cmiller@example.com,Southwest,Platinum,2023-10-31
868,Aaron,Knight,sabrina87@example.net,West,Standard,2024-11-02
869,Ryan,Collins,kirksandra@example.net,Southeast,Platinum,2024-10-22
870,John,Webb,cohengary@example.org,Southwest,Gold,2023-07-21
871,Jennifer,Russo,taylorchristina@example.com,Midwest,Standard,2024-04-12
872,Brandon,Morris,kevin25@example.org,Southwest,Platinum,2025-07-05
873,Dustin,Lucas,moorekristen@example.com,Northeast,Standard,2023-09-02
874,Tamara,Russell,qwright@example.com,Southwest,Gold,2025-04-12
875,Elizabeth,Smith,justingamble@example.org,Northeast,Standard,2024-02-14
876,Connor,Schneider,,Southwest,Gold,2023-10-18
877,Christine,Patterson,kristi25@example.org,Northeast,Gold,2024-02-17
878,Heather,Parker,tristanholmes@example.com,Southeast,Gold,2025-04-05
879,Jennifer,Herring,blawrence@example.org,West,Gold,2025-01-15
880,Alicia,White,april60@example.org,Midwest,Standard,2025-03-27
881,Michael,Spencer,xlong@example.org,Southwest,Standard,2025-10-10
882,Daniel,Torres,victoria33@example.net,West,Standard,2025-06-22
883,Holly,Potter,pcrawford@example.com,Midwest,Standard,2026-02-06
884,Kevin,Rodriguez,daniel64@example.org,Midwest,Silver,2024-01-04
885,Stephen,Rivera,qsparks@example.net,Northeast,Standard,2023-06-30
886,Michael,Pineda,larry09@example.com,Southeast,Platinum,2023-08-22
887,Michelle,Gonzalez,westalexis@example.org,Southeast,Silver,2023-05-24
888,Joann,Martinez,castroconnor@example.com,West,Gold,2024-10-19
889,Craig,Velazquez,sstephens@example.net,Southeast,Standard,2024-07-22
890,Tommy,Williams,downsmary@example.org,Southwest,Gold,2025-08-10
891,Kelly,Howell,huntermark@example.net,Southeast,Platinum,2025-04-10
892,Laura,Hodge,jennathornton@example.org,West,Standard,2023-08-22
893,Brian,Kirby,bmiles@example.com,Southeast,Silver,2025-10-27
894,David,Grant,kevin47@example.org,Southwest,Gold,2025-05-31
895,Anna,Trevino,victoria80@example.net,Northeast,Standard,2025-01-21
896,John,Mendez,charlesstephen@example.com,West,Silver,2024-07-08
897,Michelle,Colon,gomezjames@example.net,Northeast,Standard,2023-10-10
898,Sean,Garrett,stevenball@example.com,Northeast,Standard,2023-11-25
899,Olivia,Ali,suzanneblevins@example.com,Northeast,Standard,2025-06-09
900,Brittany,Figueroa,emmamiller@example.com,Midwest,Standard,2023-12-20
901,Maria,Miller,alexander87@example.org,Midwest,Standard,2025-12-19
902,Sara,Ferguson,jennifer59@example.com,Northeast,Standard,2025-12-26
903,Katherine,Olson,yrivera@example.com,West,Platinum,2025-10-07
904,Courtney,Hanna,garciabrittany@example.com,Southwest,Silver,2024-07-12
905,Jeremy,Williams,dianamack@example.com,Southwest,Platinum,2024-08-10
906,Jessica,Short,zsanders@example.org,Southeast,Standard,2023-09-20
907,Megan,King,jeremy04@example.com,West,Standard,2024-03-29
908,Billy,Potts,jennifermoore@example.org,Midwest,Silver,2025-07-31
909,Danielle,Kirk,thompsonmegan@example.com,Northeast,Standard,2024-04-23
910,Tamara,Prince,hburgess@example.net,Southeast,Standard,2023-12-20
911,Karen,Williams,iriley@example.net,Southwest,Silver,2023-12-20
912,Michelle,Nguyen,tammy62@example.net,Midwest,Standard,2025-04-24
913,Susan,Chen,cdavis@example.com,Midwest,Silver,2025-10-07
914,Lawrence,Booth,rbridges@example.org,Northeast,Silver,2024-11-12
915,Robert,Yu,todd48@example.com,Southwest,Standard,2025-08-19
916,Shawn,Farrell,millerjason@example.org,West,Standard,2024-07-13
917,Lori,Lee,jason11@example.org,Midwest,Gold,2026-01-21
918,Susan,Gay,hweiss@example.org,Northeast,Standard,2025-01-22
919,Tina,Wagner,qaustin@example.com,West,Standard,2024-10-06
920,Patrick,Castillo,derekjackson@example.net,Southwest,Platinum,2025-09-27
921,Rebecca,Martinez,timothylee@example.com,Midwest,Standard,2024-01-26
922,Richard,Barnes,pearsonleslie@example.org,West,Silver,2025-12-30
923,Jessica,Green,dylan57@example.net,West,Platinum,2025-04-10
924,Jeffery,Vargas,dwood@example.net,West,Standard,2025-09-24
925,Karen,Montgomery,jennifer58@example.org,Midwest,Standard,2025-12-06
926,Charles,Wilson,zaustin@example.net,Midwest,Standard,2024-01-20
927,David,Lopez,melissa51@example.net,Southeast,Standard,2023-10-01
928,Edward,Stewart,coxscott@example.net,Southwest,Standard,2025-11-10
929,Brendan,Schwartz,krystallindsey@example.net,Northeast,Silver,2024-03-12
930,Matthew,Paul,barrerarichard@example.com,West,Standard,2024-04-20
931,Arthur,Davidson,catherine16@example.net,Southeast,Silver,2024-01-12
932,Courtney,Miller,taracortez@example.com,Northeast,Platinum,2025-05-14
933,Troy,Smith,brownamber@example.net,Southeast,Gold,2023-06-20
934,Ashley,Fitzgerald,sarahshaffer@example.org,Midwest,Silver,2023-06-29
935,Morgan,Cook,ifuller@example.org,West,Standard,2025-10-22
936,Christopher,Dillon,johnstoncharles@example.net,Northeast,Silver,2025-09-19
937,Matthew,Johnson,lisa00@example.org,Northeast,Silver,2025-07-20
938,Frank,Palmer,gail55@example.com,Northeast,Standard,2025-05-03
939,Paul,Robinson,andrew61@example.com,Northeast,Standard,2024-01-25
940,Christina,Woodward,rwhite@example.net,Northeast,Gold,2024-07-03
941,Paul,Perez,fcurtis@example.org,Southeast,Standard,2024-03-11
942,Amanda,Maxwell,freemanmargaret@example.com,West,Standard,2024-02-26
943,Sarah,Bryant,john24@example.net,Midwest,Standard,2025-02-16
944,Hannah,Mathis,juliethompson@example.com,Midwest,Standard,2023-10-21
945,Kevin,Luna,duffypatricia@example.com,Midwest,Gold,2025-04-10
946,Reginald,Brown,jessica03@example.net,Midwest,Silver,2024-05-02
947,Daniel,Singh,kramerjohn@example.com,Southeast,Gold,2025-09-26
948,Kimberly,White,amanda23@example.com,Southwest,Standard,2024-11-30
949,Todd,Harris,kclarke@example.com,West,Standard,2025-09-26
950,Thomas,Graham,davisdavid@example.com,Northeast,Standard,2025-07-02
951,Luke,Smith,mark08@example.com,Southwest,Standard,2024-01-21
952,Crystal,Torres,karenmolina@example.org,Midwest,Standard,2023-12-23
953,Austin,Smith,zimmermanmichael@example.com,Southwest,Gold,2025-10-06
954,Rebecca,Guerrero,devon40@example.com,West,Standard,2025-04-23
955,Leah,Myers,jared02@example.net,Northeast,Silver,2025-04-01
956,Stephen,Anderson,hdavis@example.com,Northeast,Standard,2025-12-15
957,Nathan,Mendoza,adam01@example.com,West,Standard,2025-11-07
958,Jody,Mendoza,mgardner@example.org,West,Standard,2024-03-31
959,Donna,Ward,amanda09@example.net,Midwest,Platinum,2023-11-08
960,Carolyn,Haynes,charleskathy@example.net,Northeast,Gold,2024-03-11
961,Michael,Moore,ronaldknight@example.org,Southwest,Platinum,2023-08-02
962,Craig,Robertson,,Southeast,Standard,2024-02-29
963,Kellie,Mejia,williamstroy@example.com,Southeast,Standard,2025-02-12
964,Brandon,Reyes,glenn00@example.net,West,Silver,2025-04-01
965,Hannah,Jordan,jordanrachel@example.com,Midwest,Standard,2025-04-03
966,Tanya,Gibson,john11@example.org,Southeast,Gold,2024-01-05
967,Danielle,Davis,lmorgan@example.org,Northeast,Standard,2023-11-13
968,Robert,King,banksjeremy@example.org,West,Standard,2024-07-26
969,Tabitha,Hoover,bennetteric@example.org,Southwest,Standard,2024-05-29
970,Deanna,Patel,rroberts@example.org,West,Standard,2026-05-19
971,Tristan,Mccall,jessicaclark@example.net,Southwest,Silver,2026-03-05
972,Elizabeth,Ryan,melissaortiz@example.org,West,Standard,2025-10-15
973,Randy,Robinson,jessica86@example.org,West,Standard,2024-09-23
974,William,Park,lowerykenneth@example.net,West,Standard,2024-10-13
975,Derek,Delgado,dennisjohn@example.com,Southwest,Standard,2025-12-05
976,Victor,Davis,christinajohnson@example.org,Southwest,Gold,2025-03-02
977,Matthew,Reynolds,ywood@example.net,West,Gold,2025-12-25
978,Linda,Harris,roachmichele@example.com,Southeast,Platinum,2024-02-01
979,Jared,Griffin,xsandoval@example.com,Midwest,Gold,2023-08-02
980,Dominique,Cook,kennethwong@example.com,Midwest,Standard,2024-03-10
981,Rebecca,Bush,annperez@example.org,Midwest,Silver,2025-10-29
982,Melissa,Rich,schwartzlinda@example.net,Southwest,Standard,2024-03-29
983,Scott,Cooper,tammy71@example.net,Southwest,Standard,2025-03-06
984,Kevin,Sanchez,shane79@example.org,Southeast,Gold,2023-11-24
985,Mandy,Day,daguirre@example.org,Midwest,Standard,2025-04-20
986,Kristi,Davis,ubarrett@example.com,Midwest,Platinum,2024-05-30
987,Bryan,Foster,williamsangela@example.org,West,Standard,2024-09-20
988,Jesse,Miller,vbennett@example.com,Southwest,Silver,2026-03-07
989,Rachel,White,nancy36@example.com,Midwest,Silver,2023-12-06
990,Elizabeth,Reilly,tanya88@example.net,Southeast,Gold,2025-10-15
991,Tasha,Thompson,wesleywood@example.com,Southeast,Silver,2025-09-18
992,Megan,Yoder,reesebrandon@example.com,Midwest,Silver,2025-02-06
993,Emily,Simmons,xwood@example.org,Southwest,Standard,2024-07-17
994,Mark,Brooks,david07@example.net,Southeast,Silver,2025-12-09
995,Elizabeth,Hunter,deborahsmith@example.net,West,Standard,2023-09-01
996,Tammy,Martinez,melissacooper@example.net,Southeast,Silver,2023-11-24
997,Shannon,Moses,newmankayla@example.org,Northeast,Silver,2026-02-03
998,Amanda,Cruz,sandersgabriela@example.net,Northeast,Silver,2025-12-17
999,James,Henry,bmendez@example.com,Southwest,Standard,2025-02-17
1000,Kathryn,David,smithdustin@example.com,Midwest,Standard,2025-03-17
